{
    "Problem01": {
        "s": 10,
        "r": 28,
        "b": 2.666667,
        "x0": 0,
        "y0": 1,
        "z0": 0,
        "t0": 0,
        "h": 0.01,
        "tfinal": 50
    },
    "Problem02": {
        "m": 28,
        "V0": 1.602177e-18,
        "a": 10E-11
    }
}